Date,iddate,ANTPAL,CORTOW,EPTFUS,EUDMAC,EUMPER,EUMUND,LASBLO,LASCIN,LASNOC,LASXAN,MACCAL,MYOCAL,MYOCIL,MYOEVO,MYOOCC,MYOTHY,MYOVEL,MYOVOL,MYOYUM,NYCFEM,NYCMAC,PARHES,TADBRA,NOID,TotBatDet,NOISE,Species
8/31/2019,SN493093 2019-08-31,4,,47,,,,,3,10,3,,1,8,1,,,13,4,2,,,,18,80,196,65,13
9/1/2019,SN493093 2019-09-01,16,1,51,,,,7,11,24,5,,3,11,,,,56,13,3,1,,2,45,189,438,157,15
9/2/2019,SN493093 2019-09-02,7,2,34,,,,5,5,25,1,,,2,,,,9,1,1,4,,9,91,145,341,141,14
9/3/2019,SN493093 2019-09-03,7,2,55,,,,,10,24,7,,2,2,,,,13,4,2,2,,13,105,163,409,191,13
9/4/2019,SN493093 2019-09-04,4,2,51,,,,2,9,23,6,,1,7,1,,,15,4,1,,,5,73,76,280,112,15
9/5/2019,SN493093 2019-09-05,7,,27,,,,,,11,,,1,6,,,,23,2,3,,,3,60,72,215,135,10
9/6/2019,SN493093 2019-09-06,9,,50,,,,3,4,9,1,,,5,1,,,12,,3,,,2,28,52,179,126,12
9/7/2019,SN493093 2019-09-07,27,1,27,,,1,7,5,17,,,,9,,,,19,8,6,,1,7,27,83,245,119,14
9/8/2019,SN493093 2019-09-08,15,,20,,,,,9,27,5,,,4,,,,6,1,,3,,2,88,96,276,182,11
9/9/2019,SN493093 2019-09-09,8,,9,,,,6,14,34,3,,,1,,,,11,2,,1,,1,103,102,295,214,12
9/10/2019,SN493093 2019-09-10,4,,65,,,,7,6,9,3,,,3,,,,26,4,1,,1,5,45,108,287,118,13
9/11/2019,SN493093 2019-09-11,3,1,19,,,,,16,55,,,,,,,,4,1,,2,,,55,101,257,195,9
9/12/2019,SN493093 2019-09-12,1,,10,,,,,2,18,,,,,,,,5,4,,3,,4,13,31,91,97,9
9/13/2019,SN493093 2019-09-13,,,21,,,,3,12,42,,,,2,,,,4,,,2,,2,54,63,205,203,9
9/14/2019,SN493093 2019-09-14,11,,60,,,1,3,26,42,8,,1,8,,,,21,5,3,1,,14,142,196,542,246,15
9/15/2019,SN493093 2019-09-15,2,,5,,,1,9,20,67,2,,,1,,,,4,3,,4,,3,110,133,364,220,13
9/16/2019,SN493093 2019-09-16,1,,5,,,,,11,43,,,,2,,,,29,3,,,,1,74,75,244,198,9
9/17/2019,SN493093 2019-09-17,,1,11,,,,2,25,85,1,,,2,,,,7,3,,6,,1,97,116,357,188,12
9/18/2019,SN493093 2019-09-18,,,10,,,2,,15,31,,,,2,,,,4,1,1,,2,4,26,61,159,121,11
9/19/2019,SN493093 2019-09-19,,1,7,,,,,6,25,11,,,,,,,,,,6,2,18,39,54,169,118,9
9/20/2019,SN493093 2019-09-20,,,9,,,,,11,26,4,,2,2,,,,,,3,6,,,59,41,163,110,9
9/21/2019,SN493093 2019-09-21,2,,18,,,1,2,12,19,4,,,,,,,2,1,2,5,,4,38,40,150,132,13
9/22/2019,SN493093 2019-09-22,,1,15,,,1,2,35,63,1,,,,,,,2,,,1,,22,199,135,477,226,11
9/23/2019,SN493093 2019-09-23,,,33,,,1,,46,96,3,,,1,,1,,,1,,1,,3,167,184,537,637,11
9/24/2019,SN493093 2019-09-24,1,,3,,,,4,10,44,,,,,,,,2,1,,1,,28,65,39,198,282,10
9/25/2019,SN493093 2019-09-25,,,,,,,,3,5,1,,,1,,,,,1,,,,1,7,11,30,94,7
9/26/2019,SN493093 2019-09-26,2,,2,,,,3,2,33,1,,,1,,,,9,2,,,,15,46,27,143,194,11
9/27/2019,SN493093 2019-09-27,,,4,,,,,2,11,,,,,,,,2,1,,,,2,14,16,52,71,7
9/28/2019,SN493093 2019-09-28,,,17,,,,1,6,9,,,,1,,,,1,3,,,,3,20,28,89,110,9
9/29/2019,SN493093 2019-09-29,,,4,,,1,,2,7,1,,,,,,,1,,,1,1,5,5,23,51,74,10
9/30/2019,SN493093 2019-09-30,,,2,,,,,8,3,,,,,,,,,1,,,,,3,19,36,65,5
10/1/2019,SN493093 2019-10-01,1,,,,,1,,4,2,1,,,,,,,,,1,,2,1,5,9,27,62,9
10/2/2019,SN493093 2019-10-02,,,,,,,,1,1,,,,,,,,,,,1,1,3,2,10,19,82,6
10/3/2019,SN493093 2019-10-03,,,2,,,,,2,2,,,,1,,,,,,,,1,,1,8,17,56,6
10/4/2019,SN493093 2019-10-04,,,3,,,,,,2,,,,,,,,1,,1,,,,,5,12,43,4
10/5/2019,SN493093 2019-10-05,,,,,,,,,1,,,,,,,,,,,1,,2,,3,7,48,3
10/6/2019,SN493093 2019-10-06,,,1,,,,4,,,,,,,,,,,,,,,,,1,6,15,2
10/7/2019,SN493093 2019-10-07,,,,,,,,,,,,,1,,,,,,,,,,1,4,6,15,2
10/8/2019,SN493093 2019-10-08,,,,,,,,,,,,,,,,,,,,1,,,,1,2,29,1
10/9/2019,SN493093 2019-10-09,,,,,,,,,,,,,,,,,,,,,,,,1,1,33,0
10/10/2019,SN493093 2019-10-10,,,2,,,,1,,4,1,,,,,,,,,,1,,1,14,9,33,81,7
10/11/2019,SN493093 2019-10-11,,,,,,,,,2,,,,,,,,,,,4,,,2,3,11,61,3
10/12/2019,SN493093 2019-10-12,,,1,,,,,,,,,1,,,,,,,,,,,1,2,5,24,3
10/13/2019,SN493093 2019-10-13,,,,,,,,1,1,,,,,,,,,,,,1,,1,3,7,16,4
10/14/2019,SN493093 2019-10-14,,,,,,1,,1,,,,,,,,,,,,3,,,1,6,12,69,4
10/15/2019,SN493093 2019-10-15,,,1,,,,,2,2,,,1,,,,,,,,1,,,1,3,11,36,6
10/16/2019,SN493093 2019-10-16,,,1,,,,,,,,,,,,,,,,,1,,,,1,3,13,2
10/17/2019,SN493093 2019-10-17,,,1,,,,,,1,,,,,,,,,,1,,,10,2,3,18,17,5
10/18/2019,SN493093 2019-10-18,,,,,,,,,,,,,,,,,,,,1,,,,0,1,9,1
10/19/2019,SN493093 2019-10-19,,,1,,,,,,,1,,,,,,,,,,,,,2,0,4,35,3
10/20/2019,SN493093 2019-10-20,,,4,,,,,,4,2,,,,,,,,,,2,,2,13,14,41,114,6
10/21/2019,SN493093 2019-10-21,,,3,,,,,1,1,,,1,,,,,,,,,,,3,0,9,44,5
10/22/2019,SN493093 2019-10-22,,,3,,,,,,,,,,1,,,,,,1,1,,,,1,7,56,4
10/23/2019,SN493093 2019-10-23,,,4,,,,,,,,,,,,,,,,,,,,6,5,15,23,2
10/24/2019,SN493093 2019-10-24,,,1,,,,,1,2,1,,,,,,,,,,1,,2,5,5,18,89,7
10/25/2019,SN493093 2019-10-25,,,,,,,,,,,,,,,,,,,,,,,,0,0,39,0
10/26/2019,SN493093 2019-10-26,,,,,,,,,,,,,,,,,,,,2,,,1,4,7,35,2
10/27/2019,SN493093 2019-10-27,,,3,,,,,,,,,3,,,,,,,1,,,,1,1,9,177,4
10/28/2019,SN493093 2019-10-28,,,1,,,,,,,1,,,,,,,,,,,,,1,2,5,89,3
10/29/2019,SN493093 2019-10-29,,,,,,,,1,1,1,,,,,,,,,,3,,2,,8,16,124,5
10/30/2019,SN493093 2019-10-30,,,,,,,,,1,,,,,,,,,,,,,,1,1,3,81,2
10/31/2019,SN493093 2019-10-31,,,2,,,,,1,,,,,,,,,,,,,,,2,9,14,78,3
11/1/2019,SN493093 2019-11-01,,,1,,,,,,2,2,,,,,,,,,,,,,4,8,17,43,4
11/2/2019,SN493093 2019-11-02,,,,,,,,,1,,,,,,,,,,1,,,,4,2,8,77,3
11/3/2019,SN493093 2019-11-03,,,1,,,,,,,,,,,,,,,,,,1,1,4,2,9,56,4
11/4/2019,SN493093 2019-11-04,,,,,,,,1,1,,,,,,,,,,,,,1,,2,5,60,3
11/5/2019,SN493093 2019-11-05,,,,,,,,2,,,,,,,,,,,,,,,,2,4,60,1
11/6/2019,SN493093 2019-11-06,,,5,,,,,,5,,,,,,,,,,,,,,4,10,24,22,3
11/7/2019,SN493093 2019-11-07,,,3,,,,,1,1,,,,,,,,,,,,,1,3,0,9,16,5
11/8/2019,SN493093 2019-11-08,,,,,,,,,,,,,,,,,,,,,,,,0,0,8,0
11/9/2019,SN493093 2019-11-09,,,,,,,,1,2,,,,,,,,,,,,,,4,4,11,19,3
11/10/2019,SN493093 2019-11-10,,,1,,,,1,,3,,,,,,,,,,,,,1,3,2,11,40,5
11/11/2019,SN493093 2019-11-11,,,1,,,,,2,2,,,,,,,,,,,,,,1,4,10,24,4
11/12/2019,SN493093 2019-11-12,,,,,,,,1,,,,,,,,,,,,,,,2,6,9,19,2
11/13/2019,SN493093 2019-11-13,,,,,,,,,,,,,,,,,,,,,,,,1,1,19,0
11/14/2019,SN493093 2019-11-14,,,,,,,,,,,,,,,,,,,,,,,1,2,3,17,1
11/15/2019,SN493093 2019-11-15,,,,,,,,,1,,,,,,,,,,,,,,1,0,2,10,2
11/16/2019,SN493093 2019-11-16,,,,,,,,,,,,,,,,,,,,,,4,,3,7,20,1
11/17/2019,SN493093 2019-11-17,,,,,,,,,2,,,,,,,,,,,,,,2,1,5,56,2
11/18/2019,SN493093 2019-11-18,,,,,,,,,,,,,,,,,,,,,,,,0,0,9,0
11/19/2019,SN493093 2019-11-19,,,,,,,,,,,,,,,,,,,,,,,,0,0,211,0
11/20/2019,SN493093 2019-11-20,,,,,,,,,,,,,,,,,,,,1,,,,0,1,8,1
11/21/2019,SN493093 2019-11-21,,,,,,,,,,,,,,,,,,,,,,,,0,0,2,0
11/22/2019,SN493093 2019-11-22,,,,,,,,,,,,,,,,,,,,,,,,0,0,5,0
11/23/2019,SN493093 2019-11-23,,,,,,,,1,,,,,,,,,,,,,,,1,2,4,3,2
11/24/2019,SN493093 2019-11-24,,,,,,,,,,,,,,,,,,,,,,,,2,2,16,0
11/25/2019,SN493093 2019-11-25,,,,,,,,,,,,,,,,,,,,,,,,2,2,24,0
11/26/2019,missing,,,,,,,,,,,,,,,,,,,,,,,,,0,,0
11/27/2019,missing,,,,,,,,,,,,,,,,,,,,,,,,,0,,0
11/28/2019,missing,,,,,,,,,,,,,,,,,,,,,,,,,0,,0
11/29/2019,missing,,,,,,,,,,,,,,,,,,,,,,,,,0,,0
11/30/2019,SN493093 2019-11-30,,,,,,,,,,,,,1,,,,,,,,,,3,2,6,17,2
12/1/2019,SN493093 2019-12-01,,,,,,,,2,,,,,,,,,,,,,,,5,1,8,35,2
12/2/2019,SN493093 2019-12-02,,,,,,,,2,2,,,,,,,,1,,,,,,,2,7,25,3
12/3/2019,SN493093 2019-12-03,,,,,,,,1,,,,,,,,,,,,,,,2,2,5,16,2
12/4/2019,SN493093 2019-12-04,,,,,,,,2,,,,,,,,,,,,,,,2,4,8,152,2
12/5/2019,SN493093 2019-12-05,,,,,,,,2,,,,,,,,,,,,,,1,8,5,16,21,3
12/6/2019,SN493093 2019-12-06,,,,,,,,,,,,,,,,,,,,,,1,,1,2,10,1
12/7/2019,SN493093 2019-12-07,,,,,,,,,,,,,,,,,,,,,,,,0,0,7,0
12/8/2019,SN493093 2019-12-08,,,,,,,,,,,,,,,,,,,,,,,,0,0,3,0
12/9/2019,SN493093 2019-12-09,,,,,,,,,,,,,,,,,,,,,,,,0,0,3,0
12/10/2019,SN493093 2019-12-10,,,,,,,,,,,,,,,,,,,,,,,,1,1,13,0
12/11/2019,SN493093 2019-12-11,,,,,,,,,,,,,,,,,,,,,,,,1,1,5,0
12/12/2019,SN493093 2019-12-12,,,,,,,,,,,,,,,,,,,,,,,,1,1,3,0
12/13/2019,SN493093 2019-12-13,,,,,,,,,,,,,,,,,,,,,,,1,0,1,6,1
12/14/2019,SN493093 2019-12-14,,,,,,,,1,1,,,,,,,,,,,,,,2,5,9,26,3
12/15/2019,SN493093 2019-12-15,,,,,,,,,1,,,,,,,,,,,,,,,0,1,2,1
12/16/2019,missing,,,,,,,,,,,,,,,,,,,,,,,,,,,
12/17/2019,SN493093 2019-12-17,,,,,,,,,,,,,,,,,,,,,,,,0,0,2,0
12/18/2019,SN493093 2019-12-18,,,,,,,,,,,,,,,,,,,,,,,,0,0,9,0
12/19/2019,SN493093 2019-12-19,,,,,,,,,,,,,,,,,,,,,,,,0,0,4,0
12/20/2019,SN493093 2019-12-20,,,,,,,,,,,,,,,,,,,,,,,,0,0,3,0
12/21/2019,SN493093 2019-12-21,,,,,,,,,,,,,,,,,,,,,,,1,1,2,7,1
12/22/2019,SN493093 2019-12-22,,,,,,,,,2,,,,,,,,,,,1,,,1,3,7,15,3
12/23/2019,SN493093 2019-12-23,,,,,,,,2,,,,,,,,,,,,,,,,0,2,137,1
12/24/2019,SN493093 2019-12-24,,,,,,,,,,,,,,,,,,,,,,,,2,2,1,0
12/25/2019,SN493093 2019-12-25,,,,,,,,,1,,,,,,,,,,,,,,,0,1,2,1
12/26/2019,SN493093 2019-12-26,,,,,,,,,,,,,,,,,,,,,,,,0,0,2,0
12/27/2019,SN493093 2019-12-27,,,,,,,,,,,,,,,,,,,,,,,,0,0,30,0
12/28/2019,SN493093 2019-12-28,,,,,,,,,,,,,,,,,,,,,,,1,1,2,11,1
12/29/2019,SN493093 2019-12-29,,,,,,,,,,,,,,,,,,,,,,,,0,0,5,0
12/30/2019,SN493093 2019-12-30,,,,,,,,,,,,,,,,,,,,,,,,0,0,1,0
12/31/2019,SN493093 2019-12-31,,,,,,,,,,,,,,,,,,,,,,,,0,0,2,0
1/1/2020,SN493093 2020-01-01,,,,,,,,,,,,,,,,,,,,,,,,0,0,2,0
1/2/2020,SN493093 2020-01-02,,,1,,,,,,,,,,,,,,,,,,,1,1,0,3,1,3
1/3/2020,SN493093 2020-01-03,,,,,,,,,,,,,,,,,,,,,,,,0,0,3,0
1/4/2020,SN493093 2020-01-04,,,,,,,,,,,,,,,,,,,,,,1,,0,1,4,1
1/5/2020,SN493093 2020-01-05,,,,,,,,1,1,,,,,,,,,,,,,18,,0,20,22,3
1/6/2020,SN493093 2020-01-06,,,,,,,,,1,,,,,,,,,,,,,,,0,1,10,1
1/7/2020,SN493093 2020-01-07,,,,,,,,,,,,,,,,,,,,,,,2,1,3,15,1
1/8/2020,SN493093 2020-01-08,,,,,,,,,,,,,,,,,,,,,,,1,0,1,6,1
1/9/2020,SN493093 2020-01-09,,,,,,,,,1,,,,,,,,,,,,,,5,0,6,3,2
1/10/2020,SN493093 2020-01-10,,,,,,,,,,,,,,,,,,,,,,,,1,1,2,0
1/11/2020,SN493093 2020-01-11,,,,,,,,,,,,,,,,,,,,,,,,0,0,9,0
1/12/2020,SN493093 2020-01-12,,,,,,,,,,,,,,,,,,,,,,,1,1,2,15,1
1/13/2020,SN493093 2020-01-13,,,,,,,,,,,,,,,,,,,,,,,,0,0,6,0
1/14/2020,SN493093 2020-01-14,,,,,,,,,,,,,,,,,,,,,,,,0,0,2,0
1/15/2020,SN493093 2020-01-15,,,,,,,,,,,,,,,,,,,,,,1,,1,2,9,1
1/16/2020,SN493093 2020-01-16,,,,,,,,2,,,,,,,,,,,,,,,,1,3,7,1
1/17/2020,SN493093 2020-01-17,,,,,,,,,,,,,,,,,,,,,,,,1,1,4,0
1/18/2020,SN493093 2020-01-18,,,1,,,,,,,,,,,,,,,,,,,21,,0,22,9,2
1/19/2020,SN493093 2020-01-19,,,,,,,,3,1,,,,,,,,,,,,,3,1,1,9,20,4
1/20/2020,SN493093 2020-01-20,,,2,,,,,1,,,,1,,,,,,,,,,1,3,0,8,27,5
1/21/2020,SN493093 2020-01-21,,,,,,,,1,,,,,,,,,,,,,,,,2,3,4,1
1/22/2020,SN493093 2020-01-22,,,,,,,,,,,,,,,,,,,,,,,,0,0,1,0
1/23/2020,SN493093 2020-01-23,,,,,,,,,3,,,,,,,,,,,,,1,,1,5,13,2
1/24/2020,SN493093 2020-01-24,,,,,,,,,,,,,,,,,,,,,,5,1,1,7,13,2
1/25/2020,SN493093 2020-01-25,,,,,,,,,,,,,,,,,,,,,,1,,0,1,16,1
1/26/2020,SN493093 2020-01-26,,,,,,,,,,,,,,,,,,,,,,3,1,0,4,16,2
1/27/2020,SN493093 2020-01-27,,,,,,,,,,,,,,,,,,,,,,9,2,0,11,7,2
1/28/2020,SN493093 2020-01-28,,,,,,,,,,,,,,,,,,,,,,17,1,1,19,20,2
1/29/2020,SN493093 2020-01-29,,,,,,,,,1,,,,,,,,,,,,,,,1,2,8,1
1/30/2020,SN493093 2020-01-30,,,,,,,,,1,,,,,,,,,,,1,,9,1,2,14,6,4
1/31/2020,SN493093 2020-01-31,,,1,,,,,,2,,,,,,,,,,,1,,9,,1,14,7,4
2/1/2020,SN493093 2020-02-01,,,,,,,,2,2,,,,,,,,,,,,,25,,0,29,34,3
2/2/2020,SN493093 2020-02-02,,,1,,,,,,,,,,,,,,,,,,,8,,2,11,33,2
2/3/2020,SN493093 2020-02-03,,,1,,,,,,,,,,,,,,,,,,,,2,5,8,42,2
2/4/2020,SN493093 2020-02-04,,,,,,,,,1,,,,,,,,,,,,,,,1,2,31,1
2/5/2020,SN493093 2020-02-05,,,,,,,,,,,,,,,,,,,,,,,1,0,1,16,1
2/6/2020,SN493093 2020-02-06,,,,,,,,3,1,,,,,,,,,,,,,,2,4,10,35,3
2/7/2020,SN493093 2020-02-07,,,1,,,,,,,,,,,,,,,,,,,,,1,2,26,1
2/8/2020,SN493093 2020-02-08,,,,,,,,,1,,,1,,,,,,,,,,,1,2,5,28,3
2/9/2020,SN493093 2020-02-09,,,,,,,,,,,,,1,,,,3,,,,,,,3,7,9,2
2/10/2020,SN493093 2020-02-10,,,,,,,,1,1,,,,,,,,,,,,,,,0,2,74,2
2/11/2020,SN493093 2020-02-11,,,,,,,,,,,,,,,,,,,,,,,,0,0,2,0
2/12/2020,SN493093 2020-02-12,,,,,,,,,,,,,,,,,,,,,,,,0,0,13,0
2/13/2020,SN493093 2020-02-13,,,,,,,,,1,,,,,,,,,,,,,,,0,1,9,1
2/14/2020,SN493093 2020-02-14,,,,,,,,,,,,,,,,,,,,,,4,,0,4,26,1
2/15/2020,SN493093 2020-02-15,,,,,,,,,,,,1,,,,,,,,,,,1,0,2,13,2
2/16/2020,SN493093 2020-02-16,,,,,,,1,,,,,,,,,,1,,,,,1,,2,5,12,3
2/17/2020,SN493093 2020-02-17,,,,,,,,,1,,,,,,,,,,,,,1,,1,3,2,2
2/18/2020,SN493093 2020-02-18,,,,,,,,1,1,,,,,,,,,,,,,2,,1,5,10,3
2/19/2020,SN493093 2020-02-19,,,1,,,,,,2,,,,,,,,,,,,,2,,1,6,23,3
2/20/2020,SN493093 2020-02-20,,,,,,,,1,1,,,,,,,,,,,,,2,2,2,8,15,4
2/21/2020,SN493093 2020-02-21,,,4,,,,,3,6,,,,,,,,,,,,,,3,6,22,79,4
2/22/2020,SN493093 2020-02-22,,,1,,,,,,,,,,,,,,,,,,,,1,0,2,9,2
2/23/2020,SN493093 2020-02-23,,,,,,,,,,,,,,,,,,,,,,,,0,0,3,0
2/24/2020,SN493093 2020-02-24,,,1,,,,,1,,,,,1,,,,,,,,,,,0,3,20,3
2/25/2020,SN493093 2020-02-25,,,1,,,,,1,,,,,,,,,,,,,,2,3,3,10,14,4
2/26/2020,SN493093 2020-02-26,,,,,,,,2,,,,,,,,,,,,,,,2,0,4,5,2
2/27/2020,SN493093 2020-02-27,,,1,,,,1,2,5,,,,,,,,,,,,,,,6,15,29,4
2/28/2020,SN493093 2020-02-28,,,,,,,,,4,,,,,,,,,,,,,,1,1,6,21,2
2/29/2020,SN493093 2020-02-29,,,,,,,,,1,,,,,,,,,,,,,1,,0,2,30,2
3/1/2020,SN493093 2020-03-01,,,1,,,,,1,3,,,,,,,,,,,,,2,,4,11,19,4
3/2/2020,SN493093 2020-03-02,,,,,,,,,,,,,,,,,,,,,,,,1,1,5,0
3/3/2020,SN493093 2020-03-03,,,5,,,,1,1,5,,,,2,,,,2,,,,,,2,7,25,59,7
3/4/2020,SN493093 2020-03-04,,,,,,,,,,,,,,,,,3,,,,,,,1,4,12,1
3/5/2020,SN493093 2020-03-05,,,,,,,,,,,,,,,,,3,,,,,,,2,5,21,1
3/6/2020,SN493093 2020-03-06,,,1,,,,,,,,,,,,,,1,,,,,4,,2,8,19,3
3/7/2020,SN493093 2020-03-07,,,1,,,,,6,3,,,1,,,,,2,,,,,2,5,8,28,115,7
3/8/2020,SN493093 2020-03-08,,,,,,,,,1,,,,,,,,1,,,,,1,,2,5,20,3
3/9/2020,SN493093 2020-03-09,,,,,,,,2,1,,,,,,,,,,,,,,4,8,15,52,3
3/10/2020,missing,,,,,,,,,,,,,,,,,,,,,,,,,,,
3/11/2020,SN493093 2020-03-11,,,2,,,,,14,,,,,,,,,,,,1,,,27,32,76,212,4
3/12/2020,SN493093 2020-03-12,,,,,,,,2,1,,,,,,,,1,,,,,,,3,7,60,3
3/13/2020,SN493093 2020-03-13,,,,,,,,6,1,,,,,,,,,,,,,,4,8,19,58,3
3/14/2020,SN493093 2020-03-14,,,,,,,,,1,,,,,,,,,,,,,,1,0,2,12,2
3/15/2020,SN493093 2020-03-15,,,1,,,,,,,,,,1,,,,,,,,,,1,4,7,27,3
3/16/2020,SN493093 2020-03-16,,,,,,,,1,1,,,,2,,,,24,,,,,,2,34,64,51,5
3/17/2020,SN493093 2020-03-17,,,,,,,,3,1,,,,5,,,,19,,,,,,7,40,75,93,5
3/18/2020,SN493093 2020-03-18,,,,,,,,4,,,,,,,,,,,,,,,,2,6,76,1
3/19/2020,SN493093 2020-03-19,,,1,,,,,,,,,,,,,,,,,,,,1,3,5,27,2
3/20/2020,SN493093 2020-03-20,,,,,,,,,,,,,2,,,,1,,,,,,8,11,22,65,3
3/21/2020,SN493093 2020-03-21,,,,,,,,3,,,,2,,,,,1,,,,,,2,7,15,36,4
3/22/2020,SN493093 2020-03-22,,,1,,,,,1,2,,,,,,1,,1,,,,,,1,2,9,45,6
3/23/2020,SN493093 2020-03-23,,,,,,,,2,,1,,,,,,,,,,,,,2,4,9,34,3
3/24/2020,SN493093 2020-03-24,,,,,,,,,1,,,,,,,,1,,,,,,1,4,7,38,3
3/25/2020,SN493093 2020-03-25,,,,,,,,5,2,,,,1,,,,1,,,,,,5,4,18,41,5
3/26/2020,SN493093 2020-03-26,,,6,,,,,6,8,,,1,7,,,,15,1,,,,,11,38,93,163,8
3/27/2020,SN493093 2020-03-27,,,,,,,,,,,,,,,,,3,1,,,,,1,15,20,30,3
3/28/2020,SN493093 2020-03-28,,,1,,,,,3,,,,,1,,,,24,5,,,,,2,32,68,62,6
3/29/2020,SN493093 2020-03-29,,,2,,,,,2,,,,,4,,,,18,,,,,,1,24,51,87,5
3/30/2020,SN493093 2020-03-30,,,,,,,,,,,,,1,,1,1,41,1,,,,1,,21,67,103,6
3/31/2020,SN493093 2020-03-31,,,,,,,,4,2,,,2,7,,,,55,7,,,,2,4,30,113,116,8
4/1/2020,SN493093 2020-04-01,,,1,,,,,4,,,,,3,,,,40,1,,,,,2,49,100,163,6
4/2/2020,SN493093 2020-04-02,,,2,,,,,1,,,,5,3,,,,42,2,,,,1,1,49,106,183,8
4/3/2020,SN493093 2020-04-03,,,,,,,,1,1,,,1,3,,,,28,3,,,,,1,34,72,111,7
4/4/2020,SN493093 2020-04-04,,,1,,,,,2,2,,,,2,,,,38,,,,,2,,48,95,143,6
4/5/2020,SN493093 2020-04-05,,,1,,,,,2,,,,,3,,,,30,4,,,,1,1,36,78,121,7
4/6/2020,SN493093 2020-04-06,,,,,,,,2,1,,,1,3,,,,22,2,1,,,2,,49,83,197,8
4/7/2020,SN493093 2020-04-07,,,,,,,,1,1,,,,1,,,,29,4,,,,1,,37,74,147,6
4/8/2020,SN493093 2020-04-08,,,1,,,,,,2,,,,4,,,,42,6,,,,,1,61,117,266,6
4/9/2020,SN493093 2020-04-09,,,7,,,,,,3,,,1,8,,,,17,2,,,,,1,31,70,195,7
4/10/2020,SN493093 2020-04-10,,,5,,,,,6,6,,,7,14,,,,65,6,,,,3,3,104,219,339,9
4/11/2020,SN493093 2020-04-11,,,,,,,1,1,,,,1,4,,,,39,4,,,,,2,47,99,140,7
4/12/2020,SN493093 2020-04-12,1,,3,,,,1,8,5,,,2,6,,,,76,5,,,,1,1,82,191,224,11
4/13/2020,SN493093 2020-04-13,,,11,,,,1,5,6,,,1,4,,,,29,8,,,,,5,57,127,229,9
4/14/2020,SN493093 2020-04-14,2,,12,,,,,1,2,,,11,9,,,,40,7,,,,3,5,83,175,353,10
4/15/2020,SN493093 2020-04-15,,,,,,,,,2,,,1,7,,,,13,2,1,,,1,,39,66,84,7
4/16/2020,SN493093 2020-04-16,,,5,,,,,2,2,,,,2,,,,15,2,,,,,,29,57,118,6
4/17/2020,SN493093 2020-04-17,1,,18,,,,,4,3,,,9,38,,,,223,29,,,,,3,292,620,386,9
4/18/2020,SN493093 2020-04-18,1,,38,,,,,2,2,,,,6,,,,39,4,,,,,3,50,145,146,8
4/19/2020,SN493093 2020-04-19,,,18,,,,,4,3,,,,4,,1,,25,5,,,,,5,68,133,122,8
4/20/2020,SN493093 2020-04-20,,,9,,,,,,5,,,,,,,,27,2,,,,,2,48,93,145,5
4/21/2020,SN493093 2020-04-21,1,,28,,,,1,6,,,,,6,,,,37,9,,,,,5,102,195,219,8
4/22/2020,SN493093 2020-04-22,2,,55,,,,19,5,1,,,1,15,,,,101,15,,,,2,1,153,370,390,11
4/23/2020,SN493093 2020-04-23,2,,76,,,,12,3,8,,,,4,,,,47,7,,1,,3,4,101,268,237,11
4/24/2020,SN493093 2020-04-24,6,2,79,,,,6,2,10,,,3,8,,1,,65,13,,,,1,30,143,369,336,13
4/25/2020,SN493093 2020-04-25,,,47,,,,1,1,2,,,,4,,,,27,2,,1,,,7,64,156,189,9
4/26/2020,SN493093 2020-04-26,1,,17,,,,16,2,3,1,,2,3,,,,17,2,,,,,7,44,115,163,11
4/27/2020,SN493093 2020-04-27,3,1,16,,,,,5,4,1,,,3,,,,31,5,,,,,4,28,101,162,10
4/28/2020,SN493093 2020-04-28,2,1,22,,,,4,1,6,2,,2,3,,,,23,1,,1,,,11,50,129,208,13
4/29/2020,SN493093 2020-04-29,1,,11,,,,,2,7,,,,3,,,,31,3,,,,,7,38,103,154,8
4/30/2020,SN493093 2020-04-30,,,12,,,,,3,4,,,,1,,,,11,1,,,,,,29,61,74,6
5/1/2020,SN493093 2020-05-01,,,4,,,,2,7,7,,,,2,,,,21,3,,1,,1,10,34,92,119,10
5/2/2020,SN493093 2020-05-02,1,,17,,,,2,1,4,,,,3,,,,15,,,,,,2,32,77,102,8
5/3/2020,SN493093 2020-05-03,,,12,,,,,9,6,1,,2,2,,,,8,1,,,,,4,34,79,134,9
5/4/2020,SN493093 2020-05-04,2,,25,,,,2,4,8,,,,2,,,,3,,,,,,6,24,76,263,8
5/5/2020,SN493093 2020-05-05,2,,31,,,,,1,4,,,,3,,,,5,,,,,,2,20,68,228,7
5/6/2020,SN493093 2020-05-06,,,42,,,,5,17,43,2,,,3,,,,11,2,,,,3,15,75,218,302,10
5/7/2020,SN493093 2020-05-07,2,,93,,,,5,16,42,2,,,13,,,,12,5,1,1,,4,24,131,351,401,13
5/8/2020,SN493093 2020-05-08,1,,20,,,,2,33,28,1,,,8,,,,8,3,,1,,1,23,81,210,382,12
5/9/2020,SN493093 2020-05-09,2,,8,,,,3,3,8,,,8,18,,,,77,18,,,,,4,90,239,243,10
5/10/2020,SN493093 2020-05-10,,,18,,,,1,9,11,,,3,23,,,,43,5,,,,,7,53,173,231,9
5/11/2020,SN493093 2020-05-11,,,3,,,,,1,1,,,1,24,,,,27,2,,,,1,,34,94,165,8
5/12/2020,SN493093 2020-05-12,4,,4,,,,3,1,3,,,3,42,,,,12,,,,,9,1,27,109,90,10
5/13/2020,SN493093 2020-05-13,,,3,,,,,2,,,,,19,,,,7,,,,,,,13,44,85,4
5/14/2020,SN493093 2020-05-14,,,1,,,,,1,2,,,,44,,,,7,6,,,,,1,33,95,113,7
5/15/2020,SN493093 2020-05-15,1,,8,,,,,,,1,,,60,,,,13,3,,,,1,2,67,156,148,8
5/16/2020,SN493093 2020-05-16,1,,,,,,1,,1,,,,58,,,,16,3,,,,7,,33,120,152,7
5/17/2020,SN493093 2020-05-17,1,,12,,,,,1,1,,,,64,,,,14,2,,,,,1,26,122,107,8
5/18/2020,SN493093 2020-05-18,2,,9,,,,,2,,,,1,62,,,,44,7,,,,2,4,77,210,153,9
5/19/2020,SN493093 2020-05-19,12,,9,,,,1,4,4,,,,40,,,,5,,,1,,3,,25,104,124,9
5/20/2020,SN493093 2020-05-20,,,8,,,,,,3,,,1,28,,,,1,,,,,,6,26,73,273,6
5/21/2020,SN493093 2020-05-21,,,3,,,,,2,1,,,1,22,,,,16,1,,,,,1,40,87,188,8
5/22/2020,20200522,5,,16,,,,,1,7,4,,,80,,,,84,12,,1,,,10,137,357,148,10
5/23/2020,20200523,6,2,23,,,,,1,6,3,,1,24,,,,11,2,,,,1,16,53,149,415,12
5/24/2020,20200524,13,,50,,,,1,1,7,17,,,34,,,,44,2,,,,1,71,124,365,528,11
5/25/2020,20200525,2,1,29,,,,,1,6,,,,9,,,,7,1,,,,,17,43,116,330,9
5/26/2020,20200526,2,,33,,,,9,1,9,1,,1,6,,,,9,2,,,,,14,53,140,259,11
5/27/2020,20200527,2,3,42,,,,,,9,,,,17,,,,25,,,,,1,20,75,194,227,8
5/28/2020,20200528,1,,17,,,,2,1,7,2,,,24,,,,60,,,,,,14,63,191,150,9
5/29/2020,20200529,1,,8,,,,1,9,3,1,,2,8,,,,73,4,,4,,1,14,94,223,145,13
5/30/2020,20200530,2,,11,,,,3,,6,2,,,10,,,,73,5,,,,,13,92,217,99,9
5/31/2020,20200531,,,5,,,,,,1,1,,,11,,,,54,1,,1,,,,38,112,70,7
6/1/2020,20200601,,,3,,,,1,,3,1,,,4,,,,27,4,,,,,5,32,80,79,8
6/2/2020,20200602,1,,21,,,,,2,15,1,,1,6,,,,49,6,,1,,1,36,81,221,285,12
6/3/2020,20200603,,,8,,,,,,8,,,,13,,,,56,6,,,,,11,65,167,125,6
6/4/2020,20200604,,,4,,,,,5,6,,,,12,,,,82,4,,4,,2,9,81,209,217,9
6/5/2020,SN493093 2020-06-05,3,,6,,,,,7,5,2,,1,17,,,,98,6,,,,4,3,160,312,331,11
6/6/2020,SN493093 2020-06-06,2,,3,,,2,,13,2,,,1,4,,,,18,,,,3,1,20,49,118,206,11
6/7/2020,SN493093 2020-06-07,3,,17,,,,2,8,17,3,,,13,,,,35,1,1,2,,5,11,75,193,257,13
6/8/2020,SN493093 2020-06-08,12,,17,,,,,24,41,4,,1,2,,,,4,2,,5,1,9,64,124,310,514,13
6/9/2020,SN493093 2020-06-09,,,24,,,,,2,7,,,,1,,,,5,,,1,,,8,28,76,283,7
6/10/2020,SN493093 2020-06-10,2,,29,,,,,,9,,,,,,,,5,,,,,1,9,29,84,224,6
6/11/2020,SN493093 2020-06-11,2,,15,,,,,13,20,1,,,2,,,,12,1,,,,,12,75,153,246,9
6/12/2020,SN493093 2020-06-12,2,,21,,,,1,1,5,2,,,3,,,,12,1,,,,,7,21,76,160,10
6/13/2020,SN493093 2020-06-13,,,9,,,1,1,25,22,1,,,1,,,,6,,,5,1,13,32,68,185,401,12
6/14/2020,SN493093 2020-06-14,,,24,,,,,12,2,1,,,1,,,,6,1,,1,,,28,54,130,268,9
6/15/2020,SN493093 2020-06-15,,,34,,,,,4,1,2,,,3,,,,6,,,,,,31,80,161,187,7
6/16/2020,SN493093 2020-06-16,1,,32,,,,,2,,4,,,15,,,,41,,,,,3,15,81,194,199,8
6/17/2020,SN493093 2020-06-17,,,44,,,,,,2,,,,2,,,,4,1,,,,,21,41,115,107,6
6/18/2020,SN493093 2020-06-18,,,35,,,,,1,2,1,,,3,,,,9,,,,,,2,34,87,130,7
6/19/2020,SN493093 2020-06-19,,,42,,,,,9,16,6,,,5,,,,11,1,,,,,17,37,144,237,8
6/20/2020,SN493093 2020-06-20,,,24,,,,1,,6,2,,,4,,,,7,2,,,,1,10,44,101,247,9
6/21/2020,SN493093 2020-06-21,3,,33,,,,,,3,4,,,5,,,,23,6,,,,2,23,59,161,396,9
6/22/2020,SN493093 2020-06-22,2,,58,,,,,1,5,7,,1,6,,,,13,1,,1,,2,13,56,166,226,12
6/23/2020,SN493093 2020-06-23,2,,62,,,,,,4,,,1,3,,,,17,2,,,,,12,45,148,220,8
6/24/2020,SN493093 2020-06-24,5,1,18,,,,1,3,5,2,,2,29,,,,55,3,,1,,,25,100,250,280,13
6/25/2020,SN493093 2020-06-25,4,,19,,,,,3,12,,,1,19,,,,35,1,,1,,,24,64,183,168,10
6/26/2020,SN493093 2020-06-26,8,,38,,,,,,3,1,,,11,,,,31,1,,,,1,28,92,214,209,9
6/27/2020,SN493093 2020-06-27,7,,43,,,,1,1,11,,,,29,,,,175,9,,,,,23,154,453,330,9
6/28/2020,SN493093 2020-06-28,29,,115,,,,,13,7,7,,2,93,,,,242,44,,,,1,66,419,1038,376,11
6/29/2020,SN493093 2020-06-29,12,,33,,,,,1,2,,,7,53,,,,69,10,,1,,,13,130,331,244,10
6/30/2020,SN493093 2020-06-30,2,,106,,,,,,7,1,,,33,,,,130,5,1,,,,34,212,531,233,9
7/1/2020,SN493093 2020-07-01,4,,50,,,,1,,3,4,,3,21,,,,56,4,,,,2,17,101,266,275,11
7/2/2020,SN493093 2020-07-02,3,,27,,,,,24,37,,,1,15,,,,114,16,1,1,1,1,174,174,589,739,13
7/3/2020,SN493093 2020-07-03,1,,81,,,1,1,31,102,2,,1,6,,,,81,10,,,,,228,312,857,393,12
7/4/2020,SN493093 2020-07-04,1,,35,,,,,2,14,,,5,49,,,,312,30,,,,3,23,259,733,463,10
7/5/2020,SN493093 2020-07-05,14,,46,,,,1,1,,4,,2,31,,,,128,15,,,,,46,298,586,356,10
7/6/2020,SN493093 2020-07-06,2,,77,,,,,,8,4,,2,42,,,,313,27,,,,1,19,267,762,411,10
7/7/2020,SN493093 2020-07-07,5,,59,,,,,6,16,4,,1,29,,1,,335,13,,1,1,1,31,343,846,361,14
7/8/2020,SN493093 2020-07-08,12,,61,,,,,3,3,1,,2,31,,,,320,28,,,,,9,256,726,306,10
7/9/2020,SN493093 2020-07-09,13,,167,,,1,1,24,100,,,3,72,1,,,334,15,,7,,1,161,547,1447,445,14
7/10/2020,SN493093 2020-07-10,11,,217,,,,1,3,40,5,,2,78,,,,472,28,1,,,1,92,534,1485,451,13
7/11/2020,SN493093 2020-07-11,13,,134,,,,2,22,84,1,,,12,2,,,167,14,1,,,3,147,437,1039,365,13
7/12/2020,SN493093 2020-07-12,14,,79,,,1,1,36,46,1,,1,8,,,,197,27,,,,1,157,441,1010,412,13
7/13/2020,SN493093 2020-07-13,14,,84,,,2,4,41,58,,,,34,,,,177,103,,3,,3,213,534,1270,397,12
7/14/2020,SN493093 2020-07-14,9,,65,,,,3,9,9,,,1,42,,,,262,52,,,,1,29,313,795,444,11
7/15/2020,SN493093 2020-07-15,11,,92,,,,2,,7,,,2,22,,,,172,18,1,1,,1,17,197,543,357,12
7/16/2020,SN493093 2020-07-16,5,,89,,,,2,4,10,,,1,23,,,,113,20,1,,,2,19,187,476,389,12
7/17/2020,SN493093 2020-07-17,5,,118,,,,12,16,31,,,,23,,,,77,19,,2,,2,29,196,530,430,11
7/18/2020,SN493093 2020-07-18,12,,173,,,,6,5,87,9,,,17,,,,119,22,,,,3,104,334,891,484,11
7/19/2020,SN493093 2020-07-19,12,,229,,,,2,7,21,4,,,28,1,,,160,21,1,,,1,41,271,799,427,13
7/20/2020,SN493093 2020-07-20,1,,45,,,,2,4,18,2,,,8,,,,37,4,1,1,,,30,76,229,359,12
7/21/2020,SN493093 2020-07-21,4,,142,,,,1,12,51,4,,,15,,,,103,16,,1,,23,373,368,1113,425,12
7/22/2020,SN493093 2020-07-22,4,,146,,,,2,13,38,8,,1,14,,,,81,6,,,,8,228,265,814,467,12
7/23/2020,SN493093 2020-07-23,6,,64,,,,2,39,116,3,,,17,,,,104,18,1,,,,287,309,966,659,11
7/24/2020,SN493093 2020-07-24,2,1,45,,,,1,3,35,11,,1,28,,,,103,21,,2,,3,84,235,575,487,14
7/25/2020,SN493093 2020-07-25,,,23,,,,1,1,10,5,,5,17,,1,,85,14,,2,,,28,119,311,367,12
7/26/2020,SN493093 2020-07-26,6,,34,,,,1,3,14,1,,1,28,,,,91,13,1,1,,3,38,137,372,365,14
7/27/2020,SN493093 2020-07-27,,,21,,,,1,2,8,5,,1,23,1,,,104,15,,1,,7,76,136,401,467,13
7/28/2020,SN493093 2020-07-28,2,,47,,,,8,2,4,9,,1,12,,,,97,13,,2,,5,59,131,392,410,13
7/29/2020,SN493093 2020-07-29,9,,114,,,,2,2,5,5,,,16,,,1,72,12,,1,,2,50,200,491,300,13
7/30/2020,SN493093 2020-07-30,4,,35,,,,,,3,7,,2,19,,1,,114,13,,,,5,63,177,443,417,11
7/31/2020,SN493093 2020-07-31,12,1,52,,,,5,8,31,13,,,9,,,,61,9,,1,,2,96,188,488,478,13
8/1/2020,SN493093 2020-08-01,1,,47,,,,,37,107,2,,2,5,,,,47,6,,,,6,193,271,724,734,11
8/2/2020,SN493093 2020-08-02,1,,45,,,5,1,43,103,5,,,13,,,,52,7,,12,1,3,185,264,740,789,14
8/3/2020,SN493093 2020-08-03,5,,42,,,,1,2,16,4,,2,10,,,,45,7,1,,,7,21,105,268,332,13
8/4/2020,SN493093 2020-08-04,3,,38,,,4,,31,34,3,,,10,,,,45,10,,55,,4,51,230,518,518,12
8/5/2020,SN493093 2020-08-05,3,,32,,,,2,3,14,3,,,10,1,,,33,4,1,,,,19,77,202,289,12
8/6/2020,SN493093 2020-08-06,,,33,,,,1,2,17,,,,6,,,,23,2,,,,1,13,57,155,224,9
8/7/2020,SN493093 2020-08-07,4,,28,,,,,,12,1,,,8,,,,31,4,,,,3,19,57,167,249,9
8/8/2020,SN493093 2020-08-08,7,,63,,,,,2,5,1,,1,9,,,,18,3,2,,,,8,60,179,152,11
8/9/2020,SN493093 2020-08-09,5,,67,,,,,,4,1,,,22,,,,22,4,,,,9,10,50,194,128,9
8/10/2020,SN493093 2020-08-10,3,,37,,,,1,2,9,,,,9,,,,34,3,,,,2,5,33,138,127,10
8/11/2020,SN493093 2020-08-11,2,,49,,,,2,44,89,,,,20,,,,66,7,1,6,,15,135,201,637,492,12
8/12/2020,SN493093 2020-08-12,7,,85,,,,2,13,16,,,2,9,,,,34,5,,,,39,30,83,325,305,11
8/13/2020,SN493093 2020-08-13,17,1,75,,,,1,1,3,1,,1,8,,,,23,2,,,,24,17,107,281,175,13
8/14/2020,SN493093 2020-08-14,4,,62,,,,1,,3,10,,,15,,,,30,5,1,,,16,5,66,218,135,11
8/15/2020,SN493093 2020-08-15,16,,96,,,,2,4,20,,,2,10,,,,36,7,2,1,,5,34,113,348,224,13
8/16/2020,SN493093 2020-08-16,4,,45,,,,2,7,19,2,,1,13,2,1,,31,2,1,2,,,28,79,239,309,15
8/17/2020,SN493093 2020-08-17,16,,13,,,,1,12,32,3,,,3,,,,29,6,1,,,2,30,69,217,315,12
8/18/2020,SN493093 2020-08-18,13,,17,,,,1,4,16,2,,,4,1,,,24,4,2,,,13,15,72,188,275,13
8/19/2020,SN493093 2020-08-19,6,2,49,,,,1,9,14,1,,,5,,,,48,2,3,,,8,10,88,246,214,13
8/20/2020,SN493093 2020-08-20,23,2,12,,,,2,1,7,1,,,7,,,,22,3,1,2,,,7,36,126,208,13
8/21/2020,SN493093 2020-08-21,4,1,6,,,,,5,10,2,,,1,,,,8,3,3,1,,1,15,39,99,251,13
8/22/2020,SN493093 2020-08-22,10,1,23,,,,7,16,42,7,,2,5,1,,,36,4,2,3,,10,97,126,392,671,16
8/23/2020,SN493093 2020-08-23,11,1,20,,,,2,13,54,8,,,1,,,,28,2,4,5,,5,123,141,418,1228,14
8/24/2020,SN493093 2020-08-24,22,2,18,,,,7,19,46,3,,2,2,1,,,17,4,3,1,,9,97,136,389,403,16
8/25/2020,SN493093 2020-08-25,2,,44,,,,7,5,46,6,,,6,,,,6,2,2,6,,,86,85,303,426,12
8/26/2020,SN493093 2020-08-26,13,1,41,,,,4,50,82,5,,,4,,,,4,,,9,,,199,170,582,662,11
8/27/2020,SN493093 2020-08-27,1,,18,,,2,7,63,144,11,,2,70,,,,72,4,,4,,2,347,363,1110,868,14
8/28/2020,SN493093 2020-08-28,1,,16,,,7,9,28,117,3,,1,15,,1,,29,2,,13,1,1,216,176,636,705,16
8/29/2020,SN493093 2020-08-29,5,,9,,,,1,6,81,3,,,21,,,,77,5,1,,,1,132,161,503,583,12
8/30/2020,SN493093 2020-08-30,,,9,,,,,4,31,,,1,1,,,,7,,,1,,,40,37,131,224,8
8/31/2020,SN493093 2020-08-31,,,3,,,1,11,5,62,1,,,1,,,,17,3,1,4,,2,113,84,308,435,13
9/1/2020,SN493093 2020-09-01,2,,8,,,,1,14,34,,,,1,,,,10,3,,1,,3,71,57,205,352,11
9/2/2020,SN493093 2020-09-02,,,13,,,,1,3,11,,,,2,,,,10,1,,2,,1,70,57,171,392,10
9/3/2020,SN493093 2020-09-03,3,,12,,,1,1,2,6,,,,3,,,,10,1,2,1,,5,31,29,107,267,13
9/4/2020,SN493093 2020-09-04,,,2,,,,3,1,1,,,,1,,,,6,,,,,1,10,15,40,81,8
9/5/2020,SN493093 2020-09-05,,1,3,,,,,,13,1,,,,,,,5,,,,,,16,18,57,205,6
9/6/2020,SN493093 2020-09-06,1,,3,,,,,3,6,5,,1,1,,,,8,,,,,2,14,16,60,127,10
9/7/2020,SN493093 2020-09-07,,,3,,,,,10,26,2,,,1,,,,1,,1,,,1,30,33,108,193,9
9/8/2020,SN493093 2020-09-08,,,6,,,,2,,4,2,,,2,,,,7,,,,,12,12,31,78,244,8
9/9/2020,SN493093 2020-09-09,,,1,,,,,1,12,1,,,2,,,,14,,1,,,1,9,16,58,126,9
9/10/2020,SN493093 2020-09-10,,,5,,,,,5,4,1,,,,,,,3,,1,2,,1,9,20,51,100,9
9/11/2020,SN493093 2020-09-11,,,4,,,,,,2,,,,,,,,1,,,1,,1,,4,13,58,5
9/12/2020,SN493093 2020-09-12,,,6,,,,,1,2,,,,,,,,1,,,,,1,1,5,17,77,6
9/13/2020,SN493093 2020-09-13,,,,,,,,,1,,,1,2,,,,1,,,1,,,2,7,15,93,6
9/14/2020,SN493093 2020-09-14,,,,,,,1,1,1,,,,,,,,,,,,,,4,5,12,100,4
9/15/2020,SN493093 2020-09-15,,,7,,,,,2,8,1,,,1,,,,1,,,2,,,7,23,52,117,8
9/16/2020,SN493093 2020-09-16,,,1,,,,,,,,,,1,,,,2,,,,,,1,5,10,63,4
9/17/2020,SN493093 2020-09-17,,,1,,,,,,3,,,,1,,,,1,,,,,,,1,7,38,4
9/18/2020,SN493093 2020-09-18,1,,,,,,,,1,,,,1,,,,1,,1,,,,1,1,7,37,6
9/19/2020,SN493093 2020-09-19,2,,1,,,,,,1,,,,1,,,,,,1,,,,1,2,9,149,6
9/20/2020,SN493093 2020-09-20,2,,1,,,,,2,2,,,,2,,,,1,,,,,,2,3,15,86,7
9/21/2020,SN493093 2020-09-21,1,,,,,,,1,2,,,,,,,,3,,,,,,3,6,16,100,5
9/22/2020,SN493093 2020-09-22,2,,,,,,,,2,,,,,,,,,1,,1,,,1,2,9,54,5
9/23/2020,SN493093 2020-09-23,1,,,,,,,,,,,,,,,,3,,,,,,,1,5,133,2
9/24/2020,SN493093 2020-09-24,1,,,,,,,,,,,,,,,,2,,,1,,1,,1,6,29,4
9/25/2020,missing,,,,,,,,,,,,,,,,,,,,,,,,,,,
9/26/2020,SN493093 2020-09-26,,,,,,,,,2,,,,1,,,,3,,,1,,,,3,10,41,4
9/27/2020,SN493093 2020-09-27,,,,,,,,1,3,,,1,1,,,,1,,,2,,1,,4,14,71,7
9/28/2020,SN493093 2020-09-28,,,1,,,,,,2,,,,,,,,1,1,,,,2,1,1,9,65,6
9/29/2020,SN493093 2020-09-29,,,,,,,,1,2,,,,1,,,,2,,,3,,1,1,2,13,18,7
9/30/2020,SN493093 2020-09-30,,,,,,,,,1,,,,,,,,1,1,,1,,,,2,6,31,4
10/1/2020,SN493093 2020-10-01,1,,1,,,,,,,,,,,,,,2,,,,,,,0,4,70,3
10/2/2020,SN493093 2020-10-02,,,,,,,,,,,,,,,,,2,,,1,,,,0,3,34,2
10/3/2020,SN493093 2020-10-03,,,,,,,,,,,,,,,,,,,,,,,1,0,1,37,1
10/4/2020,SN493093 2020-10-04,,,,,,,,,,,,,1,,,,,,,2,,,,0,3,27,2
10/5/2020,SN493093 2020-10-05,,,,,,,,,,,,,,,,,,,,,,,,2,2,19,0
10/6/2020,SN493093 2020-10-06,,,,,,,,,,,,,,,,,,,,,,,,2,2,20,0
10/7/2020,SN493093 2020-10-07,,,,,,,,,,,,,,,,,1,,,,,,,0,1,80,1
10/8/2020,SN493093 2020-10-08,,,,,,,,,,,,,,,,,,1,,,,,,1,2,14,1
10/9/2020,SN493093 2020-10-09,,,,,,,,,,,,,1,,,,,,,,,,,3,4,12,1
10/10/2020,SN493093 2020-10-10,,,,,,,,,,,,,,,,,2,,1,,,,,1,4,18,2
10/11/2020,SN493093 2020-10-11,,,,,,,,,,,,,,,,,,,,2,,,,0,2,28,1
10/12/2020,SN493093 2020-10-12,,,,,,,,,1,,,,,,,,1,,1,,,,,0,3,26,3
10/13/2020,SN493093 2020-10-13,,,,,,,,,,,,,,,,,,,,,,,,1,1,15,0
10/14/2020,SN493093 2020-10-14,,,,,,,,,1,,,,,,,,,,,,,,1,2,4,90,2
10/15/2020,SN493093 2020-10-15,,,,,,,,,1,,,,,,,,,,,,,,,1,2,29,1
10/16/2020,SN493093 2020-10-16,,,,,,,,,1,,,,,,,,,,,,,,,2,3,19,1
10/17/2020,SN493093 2020-10-17,,,,,,,,,,,,,,,,,,,,,,,,0,0,19,0
10/18/2020,SN493093 2020-10-18,,,,,,,,,2,2,,,,,,,,,,,,,,8,12,155,2
10/19/2020,SN493093 2020-10-19,,,,,,,,1,1,1,,,,,,,,,,,,,,1,4,27,3
10/20/2020,SN493093 2020-10-20,,,,,,,,1,,1,,,,,,,,,,,,,,0,2,20,2
10/21/2020,SN493093 2020-10-21,,,,,,,,,1,,,,,,,,,,,,,,,0,1,9,1
10/22/2020,SN493093 2020-10-22,,,,,,,,,1,,,,,,,,,,,,,,,0,1,19,1
10/23/2020,SN493093 2020-10-23,,,,,,,,,,,,,,,,,,,,,,,,2,2,18,0
10/24/2020,SN493093 2020-10-24,,,,,,,,,,,,,,,,,,,,,,,,0,0,17,0
10/25/2020,SN493093 2020-10-25,,,,,,,,,,,,,1,,,,1,,,1,,1,,1,5,61,4
10/26/2020,SN493093 2020-10-26,,,,,,,,,,,,,,,,,,,,,,,,0,0,251,0
10/27/2020,SN493093 2020-10-27,,,,,,,,1,1,,,,,,,,,,,,,,2,2,6,14,3
10/28/2020,SN493093 2020-10-28,,,,,,1,,,,,,,,,,,,,,,,,,3,4,20,1
10/29/2020,SN493093 2020-10-29,,,1,,,,,2,1,,,,,,,,,,,1,,15,2,4,26,55,6
10/30/2020,SN493093 2020-10-30,,,1,,,,,2,,,,1,,,,,,,,,1,,1,2,8,28,5
10/31/2020,SN493093 2020-10-31,,,,,,,,,1,,,,,,,,,,,,,,,1,2,19,1
11/1/2020,SN493093 2020-11-01,,,1,,,,,,1,,,,,,,,,,,,,,,0,2,27,2
11/2/2020,SN493093 2020-11-02,,,,,,,,,,,,,,,,,,,,,1,,,1,2,11,1
11/3/2020,SN493093 2020-11-03,,,,,,,1,,,,,,,,,,,,,,,,,1,2,16,1
11/4/2020,SN493093 2020-11-04,,,,,,,,,,,,,,,,,,,,,,,,0,0,36,0
11/5/2020,SN493093 2020-11-05,,,,,,,,,1,,,,,,,,,,,,,,,0,1,12,1
11/6/2020,SN493093 2020-11-06,,,,,,,,,,,,,1,,,,,,,,,,,0,1,12,1
11/7/2020,SN493093 2020-11-07,,,,,,,,,,,,,,,,,,,,,,,,2,2,34,0
11/8/2020,SN493093 2020-11-08,,,,,,,,,1,,,,,,,,,,1,,,,1,0,3,92,3
11/9/2020,SN493093 2020-11-09,,,,,,,,1,1,,,,,,,,,,,,,,,1,3,9,2
11/10/2020,SN493093 2020-11-10,,,,,,,,,2,1,,,,,,,,,1,,,,3,5,12,27,4
11/11/2020,SN493093 2020-11-11,,,,,,,,,3,1,,,,,,,,,1,,,,1,0,6,32,4
11/12/2020,SN493093 2020-11-12,,,,,,,,1,2,1,,,,,,,,,,1,1,,3,6,15,151,6
11/13/2020,SN493093 2020-11-13,,,,,,,,,1,,,,,,,,,,,,,,1,9,11,33,2
11/14/2020,SN493093 2020-11-14,,,2,,,,,1,,,,,,,,,,,,,,,,2,5,15,2
11/15/2020,SN493093 2020-11-15,,,1,,,,,,2,,,,,,,,,,,,,,,2,5,14,2
11/16/2020,SN493093 2020-11-16,,,,,,,,1,2,,,,,,,,,,,,1,1,2,7,14,28,5
11/17/2020,SN493093 2020-11-17,,,,,,,,2,,,,,,,,,,,,1,,,2,3,8,18,3
11/18/2020,SN493093 2020-11-18,,,,,,,,,,,,,,,,,,,,,,,,0,0,15,0
11/19/2020,SN493093 2020-11-19,,,1,,,,,,1,,,,,,,,,,,,,,1,1,4,9,3
11/20/2020,SN493093 2020-11-20,,,,,,,,1,,,,,,,,,,,,,,1,,1,3,15,2
11/21/2020,SN493093 2020-11-21,,,,,,,,2,,,,,,,,,,,,,,,,0,2,35,1
11/22/2020,SN493093 2020-11-22,,,,,,,,,,,,,,,,,,,,,,,,0,0,7,0
11/23/2020,SN493093 2020-11-23,,,,,,,,,,,,,,,,,,,,,,,,0,0,6,0
11/24/2020,SN493093 2020-11-24,,,,,,,,,1,,,,,,,,,,,,,,,0,1,6,1
11/25/2020,SN493093 2020-11-25,,,,,,,,,,,,,,,,,,,,,,,1,5,6,21,1
11/26/2020,SN493093 2020-11-26,,,,,,,,,,,,,,,,,,,,,,,,0,0,4,0
11/27/2020,SN493093 2020-11-27,,,,,,,,,,,,,,,,,,,,,,,,0,0,13,0
11/28/2020,SN493093 2020-11-28,,,,,,,,,,,,,,,,,,,,,,,,0,0,5,0
11/29/2020,SN493093 2020-11-29,,,,,,,,,,,,,,,,,,,,,,,1,0,1,10,1
11/30/2020,SN493093 2020-11-30,,,,,,,,,,,,,,,,,,,,,1,,1,1,3,11,2
12/1/2020,SN493093 2020-12-01,,,,,,,,,,,,,,,,,,,,1,,,,0,1,28,1
12/2/2020,SN493093 2020-12-02,,,,,,,,,1,,,,,,,,,,,,,,1,0,2,78,2
12/3/2020,SN493093 2020-12-03,,,,,,,,,3,,,,,,,,,,,,,,,0,3,16,1
12/4/2020,SN493093 2020-12-04,,,,,,1,,,2,,,,,,,,,,,,,,,4,7,40,2
12/5/2020,SN493093 2020-12-05,,,,,,,,,1,,,,,,,,,,,,,,,1,2,13,1
12/6/2020,SN493093 2020-12-06,,,,,,,,,1,,,,,,,,,,,5,1,,4,1,12,32,4
12/7/2020,SN493093 2020-12-07,,,1,,,,,,1,,,,,,,,,,,1,,,7,13,23,57,4
12/8/2020,SN493093 2020-12-08,,,,,,,,,5,,,,,,,,,,,,,,1,3,9,39,2
12/9/2020,SN493093 2020-12-09,,,,,,,,,,,,,,,,,,,,,,,3,1,4,56,1
12/10/2020,SN493093 2020-12-10,,,,,,,,,1,,,,,,,,,,,,,,,0,1,1,1
12/11/2020,SN493093 2020-12-11,,,,,,,,,,,,,,,,,,,,,,,1,0,1,5,1
12/12/2020,SN493093 2020-12-12,,,,,,,,,,,,,,,,,,,,,,,,0,0,5,0
12/13/2020,SN493093 2020-12-13,,,,,,,,,,,,,,,,,,,,,,,,0,0,10,0
12/14/2020,SN493093 2020-12-14,,,,,,,,,,,,,,,,,,,,,,,,0,0,20,0
12/15/2020,SN493093 2020-12-15,,,,,,,,,1,,,,,,,,,,,,,,,0,1,8,1
12/16/2020,SN493093 2020-12-16,,,,,,,,,,,,,,,,,,,,,,,,2,2,7,0
12/17/2020,SN493093 2020-12-17,,,,,,,,,,,,,,,,,,,,,,,1,0,1,3,1
12/18/2020,SN493093 2020-12-18,,,,,,,,,,,,,1,,,,,,,,,,,0,1,4,1
12/19/2020,SN493093 2020-12-19,,,,,,,,,,,,,,,,,,,,,,,,1,1,34,0
12/20/2020,SN493093 2020-12-20,,,,,,,,,,,,,,,,,,,,2,1,,,2,5,27,2
12/21/2020,SN493093 2020-12-21,,,1,,,,1,,,,,,,,,,,,,2,,,1,3,8,11,4
12/22/2020,SN493093 2020-12-22,,,,,,,,,1,,,,,,,,,,,,,,3,1,5,10,2
12/23/2020,SN493093 2020-12-23,,,,,,,,,4,,,,,,,,,,,,,,,0,4,8,1
12/24/2020,SN493093 2020-12-24,,,,,,,,,1,,,,,,,,,,,,,,1,1,3,100,2
12/25/2020,SN493093 2020-12-25,,,1,,,,,,2,,,,,,,,,,,,,,2,1,6,41,3
12/26/2020,SN493093 2020-12-26,,,1,,,,,,,,,,,,,,,,,1,,,,1,3,7,2
12/27/2020,SN493093 2020-12-27,,,,,,,,1,1,,,,,,,,,,,,,,,1,3,25,2
12/28/2020,SN493093 2020-12-28,,,,,,,,,,,,,,,,,,,,,,,,0,0,11,0
12/29/2020,SN493093 2020-12-29,,,,,,,,,,,,,,,,,,,,,,,,0,0,19,0
12/30/2020,SN493093 2020-12-30,,,,,,,,,1,,,,,,,,,,,,,,,1,2,26,1
12/31/2020,SN493093 2020-12-31,,,,,,,,,,,,,,,,,,,,,,,,0,0,10,0
1/1/2021,SN493093 2021-01-01,,,,,,,,,1,,,,,,,,,,,,,,1,1,3,19,2
1/2/2021,SN493093 2021-01-02,,,,,,,,,1,,,,,,,,,,,,,,1,1,3,11,2
1/3/2021,SN493093 2021-01-03,,,,,,,,,,,,,,,,,,,,,,,2,0,2,3,1
1/4/2021,SN493093 2021-01-04,,,,,,,,1,2,,,,,,,,,,,,,,2,1,6,45,3
1/5/2021,SN493093 2021-01-05,,,1,,,,,,1,,,1,,,,,,,,,,,2,4,9,26,4
1/6/2021,SN493093 2021-01-06,,,,,,,,1,1,,,,,,,,,,,,,,3,1,6,16,3
1/7/2021,SN493093 2021-01-07,,,,,,,,,4,,,,,,,,,,,2,1,,2,2,11,60,4
1/8/2021,SN493093 2021-01-08,,,,,,,,,2,,,,,,,,,,,1,,,1,5,9,14,3
1/9/2021,SN493093 2021-01-09,,,1,,,,,,,,,,,,,,,,,,,,,0,1,5,1
1/10/2021,SN493093 2021-01-10,,,,,,,,,1,1,,,,,,,,,,,,1,3,2,8,42,4
1/11/2021,SN493093 2021-01-11,,,,,,,,,2,,,,,,,,,,,,,,,1,3,70,1
1/12/2021,SN493093 2021-01-12,,,,,,,,1,2,,,,,,,,,,,1,,,1,1,6,118,4
1/13/2021,SN493093 2021-01-13,,,,,,,,1,3,,,,,,,,,,,,,,5,8,17,516,3
1/14/2021,SN493093 2021-01-14,,,7,,,,,2,21,,,,,,,,1,,1,1,,2,17,19,71,212,8
1/15/2021,SN493093 2021-01-15,,,2,,,,,1,8,6,,,,,,,,1,,,,1,43,5,67,65,7
1/16/2021,SN493093 2021-01-16,,,1,,,,,,10,,,,,,,,,,,2,,3,28,22,66,53,5
1/17/2021,SN493093 2021-01-17,,,,,,,,8,2,6,,,,,,,,,,,,1,14,17,48,133,5
1/18/2021,SN493093 2021-01-18,,,,,,,,,4,,,,1,,,,,,,,,,61,15,81,73,3
1/19/2021,SN493093 2021-01-19,,,,,,,,,,,,,,,,,,,,,,,,0,0,4,0
1/20/2021,SN493093 2021-01-20,,,,,,,,2,3,,,,,,,,,,1,,1,,2,2,11,33,5
1/21/2021,SN493093 2021-01-21,,,,,,,,2,,,,,,,,,1,,,,,,1,0,4,25,3
1/22/2021,SN493093 2021-01-22,,,,,,,,,,,,,,,,,,,,,,,,1,1,6,0
1/23/2021,SN493093 2021-01-23,,,,,,,,,,,,,,,,,,,,,,,,0,0,58,0
1/24/2021,missing,,,,,,,,,,,,,,,,,,,,,,,,,0,,0
1/25/2021,missing,,,,,,,,,,,,,,,,,,,,,,,,,0,,0
1/26/2021,missing,,,,,,,,,,,,,,,,,,,,,,,,,0,,0
1/27/2021,missing,,,,,,,,,,,,,,,,,,,,,,,,,0,,0
1/28/2021,missing,,,,,,,,,,,,,,,,,,,,,,,,,0,,0
1/29/2021,missing,,,,,,,,,,,,,,,,,,,,,,,,,0,,0
1/30/2021,SN493093 2021-01-30,,,,,,,,,,,,,,,,,,,,,,,1,0,1,5,1
1/31/2021,SN493093 2021-01-31,,,,,,,,,2,,,,,,,,,,,,,,,0,2,14,1
2/1/2021,SN493093 2021-02-01,,,,,,,,,,,,,,,,,,,,,,,2,2,4,7,1
2/2/2021,SN493093 2021-02-02,,,,,,,,2,6,,,,,,,,1,,,,,,6,10,25,31,4
2/3/2021,SN493093 2021-02-03,,,10,,,,,1,11,,,,,,,,2,,,,,6,45,31,106,67,6
2/4/2021,SN493093 2021-02-04,,,,,,,,,2,,,,,,,,,,,,,,,2,4,58,1
2/5/2021,SN493093 2021-02-05,,,,,,,,,,,,,,,,,,,,,,,,0,0,42,0
2/6/2021,SN493093 2021-02-06,,,,,,,,,11,,,,,,,,,,,,,,6,1,18,39,2
2/7/2021,SN493093 2021-02-07,,,,,,,,,,,,,,,,,,,,1,,,16,5,22,17,2
2/8/2021,SN493093 2021-02-08,,,1,,,,,,4,,,,,,,,,,,,,,,5,10,17,2
2/9/2021,SN493093 2021-02-09,,,,,,,,,8,,,,,,,,,,,,,,9,3,20,62,2
2/10/2021,SN493093 2021-02-10,,,,,,,,,30,,,,,,,,,,,,,,4,5,39,33,2
2/11/2021,SN493093 2021-02-11,,,1,,,,,,,,,,,,,,,,,,,1,3,2,7,41,3
2/12/2021,SN493093 2021-02-12,,,,,,,,,1,,,,,,,,,,,,,,,0,1,6,1
2/13/2021,SN493093 2021-02-13,,,,,,,,,,,,,,,,,,,1,,,,,1,2,46,1
2/14/2021,SN493093 2021-02-14,,,,,,,,,,,,,,,,,,,,,,,,0,0,3,0
2/15/2021,SN493093 2021-02-15,,,,,,,,,1,,,,,,,,,,,1,,1,,1,4,13,3
2/16/2021,SN493093 2021-02-16,,,1,,,,,,,,,,,,,,,,,,,,,0,1,39,1
2/17/2021,missing,,,,,,,,,,,,,,,,,,,,,,,,,0,,0
2/18/2021,missing,,,,,,,,,,,,,,,,,,,,,,,,,0,,0
2/19/2021,missing,,,,,,,,,,,,,,,,,,,,,,,,,0,,0
2/20/2021,SN493093 2021-02-20,,,,,,,,,1,,,,1,,,,,,,,,,,2,4,53,2
2/21/2021,SN493093 2021-02-21,,,,,,,,,2,2,,,,,,,,,,,,,8,4,16,157,3
2/22/2021,SN493093 2021-02-22,,,2,,,,,2,5,10,,,,,,,,,,,,2,27,18,66,98,6
2/23/2021,SN493093 2021-02-23,,,1,,,,,,4,4,,,,,,,1,,,,,1,9,12,32,43,6
2/24/2021,SN493093 2021-02-24,,,1,,,,,,5,,,,,,,,,,,,,,17,7,30,60,3
2/25/2021,SN493093 2021-02-25,,,,,,,,,1,1,,,,,,,,,,,,,,4,6,9,2
2/26/2021,SN493093 2021-02-26,,,,,,,,,3,,,,,,,,,,,,,,11,1,15,33,2
2/27/2021,SN493093 2021-02-27,,,1,,,,,,,,,,,,,,,,,,,,2,0,3,71,2
2/28/2021,SN493093 2021-02-28,,,,,,,,,,,,,,,,,,,,,,,2,0,2,48,1
3/1/2021,SN493093 2021-03-01,,,,,,,,,17,,,,,,,,,1,,1,,,20,12,51,29,4
3/2/2021,SN493093 2021-03-02,,,,,,,,,1,1,,,,,,,,,,,,,,2,4,117,2
3/3/2021,SN493093 2021-03-03,,,,,,,,,,,,,,,,,1,,,,,,2,2,5,20,2
3/4/2021,SN493093 2021-03-04,,,1,,,,,1,3,,,,,,,,,,,,,,5,4,14,14,4
3/5/2021,SN493093 2021-03-05,,,2,,,,,1,10,,,1,,,,,,,,,,1,3,12,30,75,6
3/6/2021,SN493093 2021-03-06,,,,,,,,1,1,,,,,,,,,,,,,,5,4,11,37,3
3/7/2021,SN493093 2021-03-07,,,,,,,,1,1,,,,,,,,,,,,,,,6,8,53,2
3/8/2021,SN493093 2021-03-08,,,,,,,,1,2,,,,1,,,,1,,,1,,1,4,5,16,92,7
3/9/2021,SN493093 2021-03-09,,,2,,,,,,,2,,,,,,,,,,,,,1,4,9,109,3
3/10/2021,SN493093 2021-03-10,,,,,,,,,,,,,1,,,,,,,,,,,0,1,7,1
3/11/2021,SN493093 2021-03-11,,,,,,,,,,,,,,,,,,,,,,,,1,1,9,0
3/12/2021,SN493093 2021-03-12,,,,,,,,,,,,,,,,,,,,,,,,1,1,46,0
3/13/2021,SN493093 2021-03-13,,,,,,,,,,,,,1,,,,,,,,,,,0,1,6,1
3/14/2021,SN493093 2021-03-14,,,1,,,,,,1,,,,,,,,,,,,,1,2,4,9,21,4
3/15/2021,SN493093 2021-03-15,,,2,,,,,,1,,,,2,,,,1,,,1,,,,5,12,184,5
3/16/2021,SN493093 2021-03-16,,,1,,,,,,,,,,,,,,,,,,,,,1,2,0,1
3/17/2021,SN493093 2021-03-17,,,,,,,,,1,,,1,,,,,,,,,,,,0,2,72,2
3/18/2021,SN493093 2021-03-18,,,,,,,,1,1,,,,,,,,,,,,,,1,2,5,34,3
3/19/2021,SN493093 2021-03-19,,,1,,,,,,1,,,,,,,,1,,,,,1,,3,7,58,4
3/20/2021,SN493093 2021-03-20,,,5,,,,,1,1,,1,1,1,,,,7,1,,,,6,5,18,47,170,10
3/21/2021,SN493093 2021-03-21,,,,,,,,1,1,1,,,,,,,1,,,,,14,6,5,29,74,6
3/22/2021,SN493093 2021-03-22,,,,,,,,,1,1,,,,,,,1,,,,,,2,3,8,143,4
3/23/2021,SN493093 2021-03-23,,,,,,,,,,,,,,,,,,,,,,,,0,0,4,0
3/24/2021,SN493093 2021-03-24,,,1,,,,,,,,,,,,,,1,,,,,,,3,5,35,2
3/25/2021,SN493093 2021-03-25,,,1,,,,,,2,,,2,1,,,,2,1,,,,,1,9,19,48,7
3/26/2021,SN493093 2021-03-26,,,,,,,,,,,,,,,,,,,,,,,,0,0,10,0
3/27/2021,SN493093 2021-03-27,,,4,,,,1,,,,,1,,,,,1,,,,,,,7,14,74,4
3/28/2021,SN493093 2021-03-28,,,6,,,,,,,,,,1,,,,2,,,,,,1,6,16,89,4
3/29/2021,SN493093 2021-03-29,2,,,,,,,,5,,,2,2,,,,8,1,,,,16,1,16,53,119,8
3/30/2021,SN493093 2021-03-30,,,8,,,,1,2,4,5,,1,4,,,,3,,,,,7,12,33,80,230,10
3/31/2021,SN493093 2021-03-31,2,,22,,,,,,7,,,,1,,,,4,,,,,,23,27,86,225,6
4/1/2021,SN493093 2021-04-01,1,,2,,,,,1,6,,,1,3,,1,,43,1,1,,,1,9,39,109,354,12
4/2/2021,SN493093 2021-04-02,,,11,,,,,2,3,,1,3,4,,,,15,1,,,,8,2,46,96,252,10
4/3/2021,SN493093 2021-04-03,,,11,,,,,3,8,,,,3,,,,38,2,1,,,1,4,43,114,284,9
4/4/2021,SN493093 2021-04-04,,,14,,,,,13,11,,,2,3,,,,7,1,,3,,2,33,63,152,327,10
4/5/2021,SN493093 2021-04-05,,1,9,,,,,10,10,1,,2,6,,,,30,5,,,,14,12,56,156,367,11
4/6/2021,SN493093 2021-04-06,1,,10,,,1,,10,4,7,,,8,,,,32,5,4,,,2,31,61,176,336,12
4/7/2021,SN493093 2021-04-07,,,3,,,,,2,4,,,,2,,,,7,2,2,,,1,1,23,47,178,9
4/8/2021,SN493093 2021-04-08,,,15,,,,,2,,,,,,,,,18,2,,,,14,2,25,78,244,6
4/9/2021,SN493093 2021-04-09,1,,16,,,,,4,12,2,,,,,,,11,5,,,,13,9,25,98,237,9
4/10/2021,SN493093 2021-04-10,,,12,,,,2,1,7,,,1,,,,,2,1,,,,3,14,17,60,162,9
4/11/2021,SN493093 2021-04-11,,,2,,,,,2,2,,,,1,,,,2,1,,,,,2,8,20,97,7
4/12/2021,SN493093 2021-04-12,,,2,,,,,2,1,,,,,,,,2,,1,,,,7,2,17,106,6
4/13/2021,SN493093 2021-04-13,,,,,,,1,2,2,,,,2,,,,10,1,,1,,3,,26,48,131,8
4/14/2021,SN493093 2021-04-14,,,1,,,,2,4,3,,,,2,,,,3,,,,,11,2,14,42,88,8
4/15/2021,SN493093 2021-04-15,,,2,,,,,,12,,,,,,,,,,,,,8,6,12,40,91,4
4/16/2021,SN493093 2021-04-16,,,2,,,,,1,6,,,,,,,,3,,,2,,,5,4,23,130,6
4/17/2021,SN493093 2021-04-17,,,4,,,,,,1,,,,2,,,,8,,,,,1,6,13,35,113,6
4/18/2021,SN493093 2021-04-18,,,1,,,,,3,,,,,,,,,1,1,,,,,3,2,11,58,5
4/19/2021,SN493093 2021-04-19,,,2,,,,,10,5,,,,,,,,1,,,,,2,7,9,36,117,6
4/20/2021,SN493093 2021-04-20,,,14,,,,,2,4,2,,,2,,,,7,,,,,1,10,12,54,160,8
4/21/2021,SN493093 2021-04-21,,,7,,,,,2,1,,,,3,,,,5,3,2,,,22,4,32,81,89,9
4/22/2021,SN493093 2021-04-22,17,,21,,,,,,3,,,,3,,,,10,1,1,,,,,27,83,65,7
4/23/2021,SN493093 2021-04-23,14,,29,,,,,2,,,,1,2,,1,,15,2,1,,,3,,33,103,59,10
4/24/2021,SN493093 2021-04-24,,,4,,,,,1,,,,,6,,,,13,1,,,,3,1,9,38,69,7
4/25/2021,SN493093 2021-04-25,,,55,,,,,4,3,,,1,,,1,,5,,,,,20,1,22,112,115,8
4/26/2021,SN493093 2021-04-26,,,,,,,,,,,,1,7,,,,3,,,,,1,,8,20,78,4
4/27/2021,SN493093 2021-04-27,,,,,,,,,,,,,2,,,,3,,,,,,,8,13,69,2
4/28/2021,SN493093 2021-04-28,10,,3,,,,,,,,,1,4,,,,4,,1,,,,,7,30,67,6
4/29/2021,SN493093 2021-04-29,1,,123,,,,,3,,,,,1,,,,5,,,,,2,,35,170,93,6
4/30/2021,SN493093 2021-04-30,,,1,,,,,,,,,1,20,,,,6,,,,,,1,6,35,98,5
5/1/2021,SN493093 2021-05-01,9,,30,,,,,4,2,,,3,16,,,,12,3,2,,,16,3,54,154,174,11
5/2/2021,SN493093 2021-05-02,1,,1,,,,,10,,,,2,32,,,,70,3,1,1,,,3,67,191,256,10
5/3/2021,SN493093 2021-05-03,1,,7,,,,2,11,1,1,,3,73,,,,15,6,1,,,6,1,60,188,245,13
5/4/2021,SN493093 2021-05-04,1,,3,,,,,13,3,,,,36,,,,9,1,,,,1,1,38,106,197,9
5/5/2021,SN493093 2021-05-05,,,4,,,,,7,1,,,4,28,,,,11,3,,1,,,2,33,94,201,9
5/6/2021,SN493093 2021-05-06,10,,5,,,,,88,2,1,,2,62,,,,27,2,,2,,2,,58,261,253,11
5/7/2021,SN493093 2021-05-07,1,,3,,,,,17,3,,,4,53,,,,9,1,,1,,1,2,44,139,211,11
5/8/2021,SN493093 2021-05-08,1,,6,,,,,36,,2,,1,21,,,,9,3,,1,,1,1,45,127,255,11
5/9/2021,SN493093 2021-05-09,1,,1,,,,,182,1,,,9,59,,,,45,5,,36,,1,1,128,469,276,11
5/10/2021,SN493093 2021-05-10,,,,,,,,165,2,1,,1,25,,,,2,,,,,1,2,44,243,136,8
5/11/2021,SN493093 2021-05-11,,,1,,,,,121,,,,1,11,,,,3,2,,,,,1,19,159,134,7
5/12/2021,SN493093 2021-05-12,,,4,,,,,152,2,,,1,18,,,,2,,,8,,,2,27,216,190,8
5/13/2021,SN493093 2021-05-13,,,3,,,,,138,1,,,,40,,,,3,,,,,1,1,26,213,159,7
5/14/2021,SN493093 2021-05-14,12,,6,,,,,45,4,1,,3,44,,,,5,,,10,,,1,31,162,137,10
5/15/2021,SN493093 2021-05-15,6,,7,,,,,18,2,,,2,121,,,,24,1,,,,2,3,62,248,170,10
5/16/2021,SN493093 2021-05-16,8,,5,,,,,5,1,1,,4,79,,,,4,1,,,,,2,24,134,105,10
5/17/2021,SN493093 2021-05-17,2,,2,,,,,6,1,,,1,104,,,,4,1,,,,,1,32,154,138,9
5/18/2021,SN493093 2021-05-18,1,,7,,,,,31,,,,,68,,,,12,,1,,,,2,40,162,118,7
5/19/2021,SN493093 2021-05-19,6,,22,,,,,33,,,,3,25,,1,1,15,,,,,1,1,71,179,140,10
5/20/2021,SN493093 2021-05-20,40,,54,,,,,6,1,,,2,27,,,,103,7,2,,,4,9,151,406,259,11
5/21/2021,SN493093 2021-05-21,5,,4,,,,,,3,,,2,21,,,,4,,2,1,,2,5,22,71,94,10
5/22/2021,SN493093 2021-05-22,,,2,,,,,,4,2,,,5,,,,2,,,,,,11,9,35,94,6
5/23/2021,SN493093 2021-05-23,3,,19,,,,,1,3,,,,48,,,,4,,,,,,7,20,105,128,7
5/24/2021,SN493093 2021-05-24,3,,48,,,,,2,5,,,,5,,,,6,,,,,,6,16,91,117,7
5/25/2021,SN493093 2021-05-25,,,32,,,,,1,3,,,,15,,1,,4,,,,,,,22,78,197,6
5/26/2021,SN493093 2021-05-26,,,32,,,,,,,,,,7,,,,2,,,,,,,14,55,183,3
5/27/2021,SN493093 2021-05-27,,,17,,,,1,,5,2,,,11,,,,2,,,,,21,3,23,85,122,8
5/28/2021,SN493093 2021-05-28,1,,6,,,,,1,1,,,,1,,,,3,,,,,1,3,9,26,71,8
5/29/2021,SN493093 2021-05-29,,,33,,,,,,3,,,,7,,,,4,,1,,,,6,3,57,68,6
5/30/2021,SN493093 2021-05-30,1,,2,,,,,,1,,,2,3,,,,3,,,,,,1,3,16,104,7
5/31/2021,SN493093 2021-05-31,,,5,,,,,1,3,,,,3,,,,5,1,1,,,,4,14,37,119,8
6/1/2021,SN493093 2021-06-01,19,,4,,,,,,,1,,,6,,,,7,1,,,,,,10,48,75,6
6/2/2021,SN493093 2021-06-02,1,1,1,,,,,,2,1,,,7,,,,12,1,,,,1,,11,38,106,9
6/3/2021,SN493093 2021-06-03,,,10,,,,,1,,1,,1,6,,,,30,3,,,,2,,53,107,128,8
6/4/2021,SN493093 2021-06-04,1,,4,,,,,,,1,,,19,,,,38,1,2,,,1,2,69,138,92,9
6/5/2021,SN493093 2021-06-05,3,,4,,,,,,,3,,1,11,,,,22,3,,,,2,,59,108,128,8
6/6/2021,SN493093 2021-06-06,1,,2,,,,,,1,1,,,3,,,,7,1,1,,,,2,10,29,65,9
6/7/2021,SN493093 2021-06-07,3,,6,,,,,,,,,,11,1,,,32,1,1,,,1,1,46,103,91,9
6/8/2021,SN493093 2021-06-08,,,1,,,,,,,,,,7,,,,4,1,,,,,,11,24,60,4
6/9/2021,SN493093 2021-06-09,,,6,,,,,,2,1,,,3,,,,4,,1,,,,2,7,26,63,7
6/10/2021,SN493093 2021-06-10,2,,7,,,,,,,,,,3,,,,3,2,,,,,,12,29,160,5
6/11/2021,SN493093 2021-06-11,,,6,,,,,,1,,,,2,,,,10,1,,1,,,,7,28,118,6
6/12/2021,SN493093 2021-06-12,13,1,9,,,,,,2,,,3,6,1,,,10,1,3,,,,3,23,75,89,11
6/13/2021,SN493093 2021-06-13,8,,9,,,,,,,1,,1,8,,,,28,4,1,,,2,5,38,105,151,10
6/14/2021,SN493093 2021-06-14,18,,22,,,,,2,6,1,,1,14,2,1,,89,13,4,,,19,12,110,314,458,14
6/15/2021,SN493093 2021-06-15,19,1,30,,,,3,1,7,1,,1,19,,,,49,13,1,,,,5,107,257,255,13
6/16/2021,SN493093 2021-06-16,9,,59,,,,1,,6,1,,12,34,,,,101,17,1,,,,3,156,400,296,11
6/17/2021,SN493093 2021-06-17,9,,39,,,,,,2,,,5,51,,,,45,25,1,,,,2,128,307,230,9
6/18/2021,SN493093 2021-06-18,27,,63,,,,2,,4,5,,4,48,,,,114,22,1,,,,3,169,462,286,11
6/19/2021,SN493093 2021-06-19,33,,43,,,,1,,,1,,15,39,,,,123,23,3,,,,,205,486,322,9
6/20/2021,SN493093 2021-06-20,27,,59,,,,,1,1,2,,5,32,,,,146,9,1,,,2,1,177,463,362,12
6/21/2021,SN493093 2021-06-21,11,,47,,,,,,4,,,5,32,,1,,70,31,1,,,1,,133,336,426,10
6/22/2021,SN493093 2021-06-22,13,1,100,,,,2,8,17,,,4,22,,,,99,19,3,6,2,,22,187,505,413,14
6/23/2021,SN493093 2021-06-23,33,,42,,,1,1,5,8,1,,6,33,,,,22,6,1,7,1,,17,131,315,469,15
6/24/2021,SN493093 2021-06-24,16,,47,,,,,1,9,,,1,32,,,,23,1,1,1,,,7,97,236,323,11
6/25/2021,SN493093 2021-06-25,4,,55,,,,,,6,,,3,28,,1,,19,2,1,,,,1,63,183,178,10
6/26/2021,SN493093 2021-06-26,15,,35,,,,,,1,,,2,14,,1,,30,2,1,,,2,,64,167,197,10
6/27/2021,SN493093 2021-06-27,39,,154,,,,1,19,24,6,,4,29,,1,,112,12,3,,,,46,297,747,934,13
6/28/2021,SN493093 2021-06-28,41,,112,,,,1,2,31,4,,4,23,,,,72,11,1,,,16,40,178,536,688,13
6/29/2021,SN493093 2021-06-29,59,,50,,,,,1,3,,,3,20,,,,12,3,4,,,,11,53,219,197,10
6/30/2021,SN493093 2021-06-30,15,,132,,,,,4,16,,,4,18,,,,20,5,3,,,1,17,144,379,445,11
7/1/2021,SN493093 2021-07-01,62,,116,,,,,19,35,,,2,55,,,,44,21,2,1,,1,60,280,698,472,12
7/2/2021,SN493093 2021-07-02,190,,73,,,,,18,37,,,2,29,1,,,52,19,2,,,6,57,220,706,512,12
7/3/2021,SN493093 2021-07-03,141,,63,,,,,2,17,,,2,61,3,,,46,10,2,,,1,34,249,631,509,12
7/4/2021,missing,,,,,,,,,,,,,,,,,,,,,,,,,,,
7/5/2021,missing,,,,,,,,,,,,,,,,,,,,,,,,,,,
7/6/2021,missing,,,,,,,,,,,,,,,,,,,,,,,,,,,
7/7/2021,missing,,,,,,,,,,,,,,,,,,,,,,,,,,,
7/8/2021,missing,,,,,,,,,,,,,,,,,,,,,,,,,,,
7/9/2021,SN493093 2021-07-09,71,,294,,,1,,9,29,2,,2,17,,,,69,19,3,,,1,54,277,848,556,13
7/10/2021,SN493093 2021-07-10,152,,391,,,,3,6,21,,,2,9,,,,56,27,1,,,,68,325,1061,456,11
7/11/2021,SN493093 2021-07-11,47,1,234,,,,1,1,1,13,,2,10,,,,64,15,2,,,,74,291,756,434,13
7/12/2021,SN493093 2021-07-12,154,3,294,,,,1,13,41,,,,11,2,,,38,7,3,,,14,64,228,873,458,13
7/13/2021,SN493093 2021-07-13,199,,315,,,,,5,8,13,,1,8,1,,,13,6,1,1,,,35,294,900,280,13
7/14/2021,SN493093 2021-07-14,128,,126,,,,1,14,13,,,,9,,,,11,6,1,2,,1,32,166,510,425,12
7/15/2021,SN493093 2021-07-15,9,,32,,,1,6,31,120,8,,2,8,7,,,23,,,2,,17,198,244,708,816,14
7/16/2021,SN493093 2021-07-16,2,,210,,,1,,41,45,37,,,4,,,,3,1,,9,,,594,425,1372,360,11
7/17/2021,SN493093 2021-07-17,8,,53,,,,,8,68,7,,5,50,2,,,22,5,,9,,1,187,304,729,934,13
7/18/2021,SN493093 2021-07-18,29,1,90,,,,1,38,111,2,,4,36,1,,,49,10,1,4,,,367,341,1085,736,15
7/19/2021,SN493093 2021-07-19,36,,178,,,1,,6,75,1,,2,33,2,,,19,2,1,,,1,79,202,638,544,14
7/20/2021,SN493093 2021-07-20,79,,180,,,1,,20,105,,,2,39,,,,22,6,1,,,,126,286,867,694,11
